{"cameraMode":{"drawMode":0,"name":"Shaded","section":"Shading Mode"},"sceneLighting":false,"audioPlay":false,"sceneViewState":{"m_AlwaysRefresh":false,"showFog":true,"showSkybox":true,"showFlares":true,"showImageEffects":true,"showParticleSystems":true,"showVisualEffectGraphs":true,"m_FxEnabled":true},"in2DMode":false,"pivot":{"x":-711.3364868164063,"y":149.43299865722657,"z":-822.2039794921875},"rotation":{"x":-0.010136673226952553,"y":0.9874967932701111,"z":-0.14017078280448914,"w":-0.07180126011371613},"size":88.78348541259766,"orthographic":true}